Dorothy,Walden,Irving,Teodoro,Roarke,Francine,Alyson,Spense,Any,Muffin
Shane,Darnbrook,Clacson,Fothergill,Playhill,Mullarkey,Rousell,Kite,Killingworth,Bittlestone
dshane0@bluehost.com,wdarnbrook1@marriott.com,iclacson2@vinaora.com,tfothergill3@posterous.com,rplayhill4@wp.com,fmullarkey5@rakuten.co.jp,arousell6@vkontakte.ru,skite7@mtv.com,akillingworth8@miitbeian.gov.cn,mbittlestone9@cornell.edu
Female,Male,Male,Male,Male,Female,Female,Male,Male,Female
168.184.177.90,214.39.135.170,203.191.49.4,19.104.173.97,94.178.29.253,88.33.15.187,149.49.219.39,23.173.222.214,123.232.82.55,137.234.174.127
Temp,Zamit,Lotstring,Bamity,Span,Tempsoft,Fintone,Fix San,Fix San,Tampflex
true,true,false,false,true,true,false,false,false,false
Russia,Nigeria,Indonesia,Indonesia,China,Kazakhstan,Botswana,France,China,Sweden
Mustang,Mazda3,1500 Club Coupe,Sierra Denali,Freestar,SC,Talon,C70,Tahoe,Intrepid
#5e9613,#447b7e,#05abdb,#7af803,#5abbfc,#3a6122,#d3421a,#1aba76,#fc9d86,#9a3bcd
